{
  "hash": "dff5a601",
  "configHash": "967c6ccb",
  "lockfileHash": "e1edc87d",
  "browserHash": "71e9d478",
  "optimized": {
    "@angular/common": {
      "src": "../../../../../../node_modules/@angular/common/fesm2022/common.mjs",
      "file": "@angular_common.js",
      "fileHash": "36ddf040",
      "needsInterop": false
    },
    "@angular/common/http": {
      "src": "../../../../../../node_modules/@angular/common/fesm2022/http.mjs",
      "file": "@angular_common_http.js",
      "fileHash": "91bdbc41",
      "needsInterop": false
    },
    "@angular/core": {
      "src": "../../../../../../node_modules/@angular/core/fesm2022/core.mjs",
      "file": "@angular_core.js",
      "fileHash": "d1136e87",
      "needsInterop": false
    },
    "@angular/forms": {
      "src": "../../../../../../node_modules/@angular/forms/fesm2022/forms.mjs",
      "file": "@angular_forms.js",
      "fileHash": "f7947595",
      "needsInterop": false
    },
    "@angular/platform-browser": {
      "src": "../../../../../../node_modules/@angular/platform-browser/fesm2022/platform-browser.mjs",
      "file": "@angular_platform-browser.js",
      "fileHash": "750784da",
      "needsInterop": false
    },
    "@angular/router": {
      "src": "../../../../../../node_modules/@angular/router/fesm2022/router.mjs",
      "file": "@angular_router.js",
      "fileHash": "45420448",
      "needsInterop": false
    },
    "rxjs": {
      "src": "../../../../../../node_modules/rxjs/dist/esm5/index.js",
      "file": "rxjs.js",
      "fileHash": "a6b4c38a",
      "needsInterop": false
    },
    "rxjs/operators": {
      "src": "../../../../../../node_modules/rxjs/dist/esm5/operators/index.js",
      "file": "rxjs_operators.js",
      "fileHash": "eb6ca0a8",
      "needsInterop": false
    }
  },
  "chunks": {
    "chunk-2SJ5PHNW": {
      "file": "chunk-2SJ5PHNW.js"
    },
    "chunk-GODU576P": {
      "file": "chunk-GODU576P.js"
    },
    "chunk-XNIX6GYB": {
      "file": "chunk-XNIX6GYB.js"
    },
    "chunk-FNXF7C3G": {
      "file": "chunk-FNXF7C3G.js"
    },
    "chunk-UEYFFO6E": {
      "file": "chunk-UEYFFO6E.js"
    },
    "chunk-LPEPAQVY": {
      "file": "chunk-LPEPAQVY.js"
    },
    "chunk-LBGRCHB7": {
      "file": "chunk-LBGRCHB7.js"
    }
  }
}